k,epsilon_k,theoretical_bound_2_1_minus_k,F_pi_k
1,1.000000,1.000000,1.000000
2,0.500000,0.500000,1.000000
3,0.250000,0.250000,1.000000
4,0.125000,0.125000,1.000000
