k,theoretical,demonstration_mean,demonstration_std
1,1.000000,2.078370,0.000000
2,0.500000,1.139661,0.000000
3,0.250000,0.683740,0.000000
4,0.125000,0.445931,0.000000
5,0.062500,0.323978,0.000000
6,0.031250,0.262244,0.000000
