{
  "metadata": {
    "timestamp": "2025-05-29T09:43:47.171904",
    "quantum_mcmc_version": "0.1.0",
    "benchmark_version": "1.0.0",
    "python_version": "3.13.1"
  },
  "problems": {
    "Two-State Symmetric": {
      "transition_matrix": [
        [
          0.7,
          0.3
        ],
        [
          0.3,
          0.7
        ]
      ],
      "stationary_distribution": [
        0.5,
        0.5000000000000001
      ],
      "eigenvalues": {
        "real": [
          -1.0,
          -1.0,
          0.6800000000000002,
          0.6800000000000002
        ],
        "imaginary": [
          0.0,
          0.0,
          0.7332121111929343,
          -0.7332121111929343
        ]
      },
      "metrics": {
        "chain_size": 2,
        "classical_gap": 0.6000000000000001,
        "quantum_gap": 0.609385308030795,
        "classical_mixing": 5,
        "quantum_mixing": 9,
        "speedup": 0.5555555555555556,
        "reversible": true
      }
    },
    "Two-State Asymmetric": {
      "transition_matrix": [
        [
          0.8,
          0.2
        ],
        [
          0.4,
          0.6
        ]
      ],
      "stationary_distribution": [
        0.6666666666666667,
        0.3333333333333333
      ],
      "eigenvalues": {
        "real": [
          1.0,
          1.0,
          0.7054377448471465,
          0.7054377448471465
        ],
        "imaginary": [
          0.0,
          0.0,
          0.7087718872422722,
          -0.7087718872422722
        ]
      },
      "metrics": {
        "chain_size": 2,
        "classical_gap": 0.6000000000000001,
        "quantum_gap": 0.6435011087932845,
        "classical_mixing": 5,
        "quantum_mixing": 9,
        "speedup": 0.5555555555555556,
        "reversible": true
      }
    },
    "Small Random Walk": {
      "transition_matrix": [
        [
          0.5,
          0.5,
          0.0,
          0.0
        ],
        [
          0.25,
          0.5,
          0.25,
          0.0
        ],
        [
          0.0,
          0.25,
          0.5,
          0.25
        ],
        [
          0.0,
          0.0,
          0.5,
          0.5
        ]
      ],
      "stationary_distribution": [
        0.16666666666666702,
        0.33333333333333326,
        0.3333333333333332,
        0.1666666666666665
      ],
      "eigenvalues": {
        "real": [
          1.0,
          1.0,
          0.18667706128157074,
          0.18667706128157074,
          0.8944617688026185,
          0.8944617688026185,
          0.9991770612815711,
          0.9991770612815711
        ],
        "imaginary": [
          0.0,
          0.0,
          0.9824213326222495,
          -0.9824213326222495,
          0.4471444332097751,
          -0.4471444332097751,
          0.0405610676477265,
          -0.0405610676477265
        ]
      },
      "metrics": {
        "chain_size": 4,
        "classical_gap": 0.2500000000000001,
        "quantum_gap": 0.250655662336131,
        "classical_mixing": 15,
        "quantum_mixing": 24,
        "speedup": 0.625,
        "reversible": true
      }
    },
    "Lattice Chain": {
      "transition_matrix": [
        [
          0.5,
          0.5,
          0.0
        ],
        [
          0.25,
          0.5,
          0.25
        ],
        [
          0.0,
          0.5,
          0.5
        ]
      ],
      "stationary_distribution": [
        0.2500000000000001,
        0.5000000000000001,
        0.24999999999999986
      ],
      "eigenvalues": {
        "real": [
          1.0,
          1.0,
          0.5000000000000003,
          0.5000000000000003,
          0.9981601717798213,
          0.9981601717798213
        ],
        "imaginary": [
          0.0,
          0.0,
          0.8660254037844385,
          -0.8660254037844385,
          0.06063226428624967,
          -0.06063226428624967
        ]
      },
      "metrics": {
        "chain_size": 3,
        "classical_gap": 0.4999999999999999,
        "quantum_gap": 0.5367501772287112,
        "classical_mixing": 6,
        "quantum_mixing": 11,
        "speedup": 0.5454545454545454,
        "reversible": true
      }
    },
    "Metropolis Chain": {
      "transition_matrix": [
        [
          0.5703496647219382,
          0.34593455841067655,
          0.07718843341905061,
          0.006336012450983673,
          0.000191330997350938
        ],
        [
          0.1729672792053383,
          0.5094488711820042,
          0.2570583684642447,
          0.05735747492292101,
          0.003168006225491836
        ],
        [
          0.019297108354762654,
          0.1285291842321223,
          0.7043474148262301,
          0.1285291842321223,
          0.019297108354762654
        ],
        [
          0.0031680062254918363,
          0.05735747492292101,
          0.2570583684642447,
          0.5094488711820042,
          0.17296727920533825
        ],
        [
          0.00019133099735093797,
          0.0063360124509836725,
          0.07718843341905061,
          0.3459345584106765,
          0.5703496647219383
        ]
      ],
      "stationary_distribution": [
        0.10000000000000063,
        0.20000000000000018,
        0.3999999999999997,
        0.19999999999999973,
        0.09999999999999967
      ],
      "eigenvalues": {
        "real": [
          1.0,
          1.0,
          0.1937461040801469,
          0.1937461040801469,
          0.3567099856889321,
          0.3567099856889321,
          0.8753256539656169,
          0.8753256539656169,
          0.8792157651134901,
          0.8792157651134901
        ],
        "imaginary": [
          0.0,
          0.0,
          0.9810517046281326,
          -0.9810517046281326,
          0.9342151712051148,
          -0.9342151712051148,
          0.4835338659387418,
          -0.4835338659387418,
          0.4764238012273319,
          -0.4764238012273319
        ]
      },
      "metrics": {
        "chain_size": 5,
        "classical_gap": 0.24159283349916105,
        "quantum_gap": 0.25693972150724576,
        "classical_mixing": 16,
        "quantum_mixing": 25,
        "speedup": 0.64,
        "reversible": true
      }
    }
  },
  "summary": {
    "total_problems": 5,
    "avg_quantum_speedup": 0.5843131313131313,
    "best_speedup": 0.64,
    "problems_with_speedup": 0
  }
}