{
  "metadata": {
    "timestamp": "2025-05-28T23:39:49.057729",
    "quantum_mcmc_version": "0.1.0",
    "benchmark_version": "1.0.0-fixed",
    "python_version": "3.13.1",
    "fixes_applied": [
      "eigenvalue_calculation_fixed",
      "classical_spectral_gap_fixed",
      "mixing_time_worst_case_fixed",
      "quantum_mixing_time_estimate_fixed",
      "speedup_calculation_fixed"
    ]
  },
  "problems": {
    "Two-State Symmetric": {
      "transition_matrix": [
        [
          0.7,
          0.3
        ],
        [
          0.3,
          0.7
        ]
      ],
      "stationary_distribution": [
        0.5,
        0.5000000000000001
      ],
      "eigenvalues": {
        "real": [
          1.0,
          0.6800000000000002,
          0.6800000000000002,
          -0.6800000000000002,
          -0.6800000000000002
        ],
        "imaginary": [
          0.0,
          0.7332121111929343,
          -0.7332121111929343,
          0.7332121111929343,
          -0.7332121111929343
        ],
        "magnitudes": [
          1.0,
          1.0,
          1.0,
          1.0,
          1.0
        ]
      },
      "metrics": {
        "chain_size": 2,
        "classical_gap": 0.6000000000000001,
        "quantum_phase_gap": 0.609385308030795,
        "classical_mixing": 5,
        "quantum_mixing": 18,
        "speedup": 0.2777777777777778,
        "reversible": true
      }
    },
    "Two-State Asymmetric": {
      "transition_matrix": [
        [
          0.8,
          0.2
        ],
        [
          0.4,
          0.6
        ]
      ],
      "stationary_distribution": [
        0.6666666666666667,
        0.3333333333333333
      ],
      "eigenvalues": {
        "real": [
          1.0,
          -1.0,
          0.7054377448471465,
          0.7054377448471465,
          -0.7054377448471465,
          -0.7054377448471465
        ],
        "imaginary": [
          0.0,
          1.2246467991473532e-16,
          0.7087718872422722,
          -0.7087718872422722,
          0.7087718872422722,
          -0.7087718872422722
        ],
        "magnitudes": [
          1.0,
          1.0,
          1.0,
          1.0,
          1.0,
          1.0
        ]
      },
      "metrics": {
        "chain_size": 2,
        "classical_gap": 0.6000000000000001,
        "quantum_phase_gap": 0.6435011087932845,
        "classical_mixing": 5,
        "quantum_mixing": 17,
        "speedup": 0.29411764705882354,
        "reversible": true
      }
    },
    "Small Random Walk": {
      "transition_matrix": [
        [
          0.5,
          0.5,
          0.0,
          0.0
        ],
        [
          0.25,
          0.5,
          0.25,
          0.0
        ],
        [
          0.0,
          0.25,
          0.5,
          0.25
        ],
        [
          0.0,
          0.0,
          0.5,
          0.5
        ]
      ],
      "stationary_distribution": [
        0.16666666666666702,
        0.33333333333333326,
        0.3333333333333332,
        0.1666666666666665
      ],
      "eigenvalues": {
        "real": [
          1.0,
          -1.0,
          0.18667706128157074,
          0.18667706128157074,
          -0.18667706128157063,
          -0.18667706128157063,
          0.8944617688026185,
          0.8944617688026185,
          -0.8944617688026184,
          -0.8944617688026184,
          0.9991770612815711,
          0.9991770612815711,
          -0.9991770612815711,
          -0.9991770612815711
        ],
        "imaginary": [
          0.0,
          1.2246467991473532e-16,
          0.9824213326222495,
          -0.9824213326222495,
          0.9824213326222496,
          -0.9824213326222496,
          0.4471444332097751,
          -0.4471444332097751,
          0.44714443320977526,
          -0.44714443320977526,
          0.0405610676477265,
          -0.0405610676477265,
          0.040561067647726746,
          -0.040561067647726746
        ],
        "magnitudes": [
          1.0,
          1.0,
          1.0,
          1.0,
          1.0,
          1.0,
          1.0,
          1.0,
          0.9999999999999999,
          0.9999999999999999,
          1.0,
          1.0,
          1.0,
          1.0
        ]
      },
      "metrics": {
        "chain_size": 4,
        "classical_gap": 0.2500000000000001,
        "quantum_phase_gap": 0.250655662336131,
        "classical_mixing": 15,
        "quantum_mixing": 48,
        "speedup": 0.3125,
        "reversible": true
      }
    },
    "Lattice Chain": {
      "transition_matrix": [
        [
          0.5,
          0.5,
          0.0
        ],
        [
          0.25,
          0.5,
          0.25
        ],
        [
          0.0,
          0.5,
          0.5
        ]
      ],
      "stationary_distribution": [
        0.2500000000000001,
        0.5000000000000001,
        0.24999999999999986
      ],
      "eigenvalues": {
        "real": [
          1.0,
          -1.0,
          0.5000000000000003,
          0.5000000000000003,
          -0.5000000000000002,
          -0.5000000000000002,
          0.9981601717798213,
          0.9981601717798213,
          -0.9981601717798213,
          -0.9981601717798213
        ],
        "imaginary": [
          0.0,
          1.2246467991473532e-16,
          0.8660254037844385,
          -0.8660254037844385,
          0.8660254037844386,
          -0.8660254037844386,
          0.06063226428624967,
          -0.06063226428624967,
          0.0606322642862496,
          -0.0606322642862496
        ],
        "magnitudes": [
          1.0,
          1.0,
          1.0,
          1.0,
          1.0,
          1.0,
          1.0,
          1.0,
          1.0,
          1.0
        ]
      },
      "metrics": {
        "chain_size": 3,
        "classical_gap": 0.4999999999999999,
        "quantum_phase_gap": 0.5367501772287112,
        "classical_mixing": 6,
        "quantum_mixing": 22,
        "speedup": 0.2727272727272727,
        "reversible": true
      }
    },
    "Metropolis Chain": {
      "transition_matrix": [
        [
          0.5703496647219382,
          0.34593455841067655,
          0.07718843341905061,
          0.006336012450983673,
          0.000191330997350938
        ],
        [
          0.1729672792053383,
          0.5094488711820042,
          0.2570583684642447,
          0.05735747492292101,
          0.003168006225491836
        ],
        [
          0.019297108354762654,
          0.1285291842321223,
          0.7043474148262301,
          0.1285291842321223,
          0.019297108354762654
        ],
        [
          0.0031680062254918363,
          0.05735747492292101,
          0.2570583684642447,
          0.5094488711820042,
          0.17296727920533825
        ],
        [
          0.00019133099735093797,
          0.0063360124509836725,
          0.07718843341905061,
          0.3459345584106765,
          0.5703496647219383
        ]
      ],
      "stationary_distribution": [
        0.10000000000000063,
        0.20000000000000018,
        0.3999999999999997,
        0.19999999999999973,
        0.09999999999999967
      ],
      "eigenvalues": {
        "real": [
          1.0,
          -1.0,
          0.1937461040801469,
          0.1937461040801469,
          -0.19374610408014678,
          -0.19374610408014678,
          0.3567099856889321,
          0.3567099856889321,
          -0.356709985688932,
          -0.356709985688932,
          0.8753256539656169,
          0.8753256539656169,
          -0.8753256539656169,
          -0.8753256539656169,
          0.8792157651134901,
          0.8792157651134901,
          -0.8792157651134901,
          -0.8792157651134901
        ],